,NDVI,EVI,NDWI,NDRE,SAVI,MSAVI
NDVI,1.0,0.0010546735731749065,0.000493264302595501,-0.0006779704053675187,0.003966650933392819,0.0007277955732401464
EVI,0.0010546735731749065,1.0,-0.00015896086422416726,-0.0017759368286607085,-0.0036265894248251745,-0.004348992977902846
NDWI,0.000493264302595501,-0.00015896086422416726,1.0,-0.003062356998466862,-0.0012995996917681333,-0.00043473899477539617
NDRE,-0.0006779704053675187,-0.0017759368286607085,-0.003062356998466862,1.0,-0.0007758348998186567,-0.0016201062258466674
SAVI,0.003966650933392819,-0.0036265894248251745,-0.0012995996917681333,-0.0007758348998186567,1.0,-0.001941685277820042
MSAVI,0.0007277955732401464,-0.004348992977902846,-0.00043473899477539617,-0.0016201062258466674,-0.001941685277820042,1.0
